round,accuracy,precision,recall,f1_score
1,0.21459999680519104,0.26593258018560506,0.2146,0.16546959889829466
2,0.12250000238418579,0.29400598893393104,0.12249999999999998,0.0565190473239123
3,0.3249000012874603,0.3398559123933562,0.3249,0.2440302360427183
4,0.33469998836517334,0.46713761908266577,0.33470000000000005,0.3187207453189838
5,0.3928000032901764,0.47210816726464466,0.3928000000000001,0.3233562304612553
