round,loss,accuracy,precision,recall,f1_score
1,2.2552390098571777,0.10999999940395355,0.14622546974687373,0.11000000000000001,0.037004813396950366
2,2.15887188911438,0.23499999940395355,0.35549384598888695,0.23500000000000004,0.15302764210024886
3,2.0206117630004883,0.3208000063896179,0.37042302941874833,0.32080000000000003,0.2710986993916108
4,1.9688037633895874,0.3100999891757965,0.4847287044053289,0.3101,0.23596447751167646
5,1.8491008281707764,0.3368000090122223,0.5014834564975053,0.3368,0.29037308734030454
