round,loss,accuracy,precision,recall,f1_score
1,2.5518434047698975,0.12451999932527542,0.0,0.0,0.0
2,3.688236141204834,0.14201999753713607,0.0,0.0,0.0
3,6.516750335693359,0.16303999722003937,0.0,0.0,0.0
4,7.202561664581299,0.17021999955177308,0.0,0.0,0.0
5,8.435996055603027,0.1737400025129318,0.0,0.0,0.0
